web-scrapper-order,date_price,date_debut,date_fin,prix_init,prix_actuel,typologie,nom,Nb Personnes,localite,n_offre,date_debut-jour,Nb semaines,cle_station,nom_station
,01/05/2023,13/05/2023,20/05/2023,1006.44,706.44,MOBILHOME 4 personnes - 4 pax standard 2 chambres,Village-club Les Sables d'Or,4 Adultes, 34300 LE CAP D'AGDE,,,19,village-club-les-sables-dor-77569,
,01/05/2023,13/05/2023,20/05/2023,1385.12,969.12,MOBILHOME 6 personnes - 6 personnes Standard 3 chambres,Village-club Les Sables d'Or,6 Adultes, 34300 LE CAP D'AGDE,,,19,village-club-les-sables-dor-77569,
,01/05/2023,13/05/2023,20/05/2023,1697.16,1190.16,MOBILHOME 6 personnes - Premium 2 chambres 2 sdb GARDEN,Village-club Les Sables d'Or,6 Adultes, 34300 LE CAP D'AGDE,,,19,village-club-les-sables-dor-77569,
,01/05/2023,13/05/2023,20/05/2023,2153.68,1477.68,MOBILHOME 6 personnes - Premium 3 Chbr / 2 Sdb GARDEN,Village-club Les Sables d'Or,6 Adultes, 34300 LE CAP D'AGDE,,,19,village-club-les-sables-dor-77569,
,01/05/2023,13/05/2023,20/05/2023,199,199,MOBILHOME 4 personnes - CONFORT avec TV,Camping Sea Green L'Occitan,2 Adultes, 34450 VIAS,,,19,camping-sea-green-l-occitan-78738,
,01/05/2023,13/05/2023,20/05/2023,357,209,MOBILHOME 6 personnes - CONFORT 2 chambres avec TV,Camping Sea Green L'Occitan,4 Adultes, 34450 VIAS,,,19,camping-sea-green-l-occitan-78738,
,01/05/2023,13/05/2023,20/05/2023,392,219,MOBILHOME 6 personnes - CONFORT 3 chambres avec TV,Camping Sea Green L'Occitan,6 Adultes, 34450 VIAS,,,19,camping-sea-green-l-occitan-78738,
,01/05/2023,13/05/2023,20/05/2023,294,294,GÎTE 6 personnes - 2 Chambres 4/6 pers,Camping Sea Green L'Occitan,6 Adultes, 34450 VIAS,,,19,camping-sea-green-l-occitan-78738,
,01/05/2023,13/05/2023,20/05/2023,427,427,MOBILHOME 6 personnes - Privilège 2 Chambres 4/6 pers,Camping Sea Green L'Occitan,6 Adultes, 34450 VIAS,,,19,camping-sea-green-l-occitan-78738,
,01/05/2023,13/05/2023,20/05/2023,504,504,MOBILHOME 8 personnes - Privilège 3 Chambres 6/8 pers,Camping Sea Green L'Occitan,8 Adultes, 34450 VIAS,,,19,camping-sea-green-l-occitan-78738,
,01/05/2023,13/05/2023,20/05/2023,370,239,MOBILHOME 6 personnes - 2 chambres,Camping Le Clos Virgile,4 Adultes, 34410 SERIGNAN,,,19,camping-le-clos-virgile-78527,
,01/05/2023,13/05/2023,20/05/2023,475,259,MOBILHOME 6 personnes - 3 chambres,Camping Le Clos Virgile,6 Adultes, 34410 SERIGNAN,,,19,camping-le-clos-virgile-78527,
,01/05/2023,13/05/2023,20/05/2023,454.21,258.90,MOBILHOME 6 personnes - Loisir 4 Pièces 6 Personnes + TV,Camping Le Clos Virgile,6 Adultes, 34410 SERIGNAN,,,19,camping-le-clos-virgile-78527,
,01/05/2023,13/05/2023,20/05/2023,259,199,MOBILHOME 4 personnes - LOISIRS,Camping des Albères,4 Adultes, 66740 LAROQUE DES ALBERES,,,19,camping-des-alberes-77482,
,01/05/2023,13/05/2023,20/05/2023,199,199,CHALET 2 personnes,Camping des Albères,2 Adultes, 66740 LAROQUE DES ALBERES,,,19,camping-des-alberes-77482,
,01/05/2023,13/05/2023,20/05/2023,382.10,236.90,MOBILHOME 6 personnes - Passion 3 Pièces 4/6 Personnes Climatisé + TV,Camping des Albères,6 Adultes, 66740 LAROQUE DES ALBERES,,,19,camping-des-alberes-77482,
,01/05/2023,13/05/2023,20/05/2023,399.84,247.90,MOBILHOME 8 personnes - Féérique 4 Pièces 6/8 Personnes Climatisé + TV,Camping des Albères,8 Adultes, 66740 LAROQUE DES ALBERES,,,19,camping-des-alberes-77482,
,01/05/2023,13/05/2023,20/05/2023,299,299,MOBILHOME 4 personnes - Gamme Loisirs,Camping des Albères,4 Adultes, 66740 LAROQUE DES ALBERES,,,19,camping-des-alberes-77482,
,01/05/2023,13/05/2023,20/05/2023,319,319,MOBILHOME 6 personnes - PASSION,Camping des Albères,4 Adultes, 66740 LAROQUE DES ALBERES,,,19,camping-des-alberes-77482,
,01/05/2023,13/05/2023,20/05/2023,339,339,MOBILHOME 8 personnes - FEERIQUE,Camping des Albères,6 Adultes, 66740 LAROQUE DES ALBERES,,,19,camping-des-alberes-77482,
,01/05/2023,13/05/2023,20/05/2023,339,339,MOBILHOME 4 personnes - DUO,Camping des Albères,4 Adultes, 66740 LAROQUE DES ALBERES,,,19,camping-des-alberes-77482,
,01/05/2023,13/05/2023,20/05/2023,983.10,412.90,MOBILHOME 6 personnes - Trio Premium 4 Pièces 6 Personnes Jacuzzi + Climatisé + TV,Camping des Albères,6 Adultes, 66740 LAROQUE DES ALBERES,,,19,camping-des-alberes-77482,
,01/05/2023,13/05/2023,20/05/2023,499,499,MOBILHOME 4 personnes - PREMIUM JACUZZI,Camping des Albères,4 Adultes, 66740 LAROQUE DES ALBERES,,,19,camping-des-alberes-77482,
,01/05/2023,13/05/2023,20/05/2023,519,519,MOBILHOME 8 personnes - QUATTRO,Camping des Albères,8 Adultes, 66740 LAROQUE DES ALBERES,,,19,camping-des-alberes-77482,
,01/05/2023,13/05/2023,20/05/2023,425,297.50,MOBILHOME 8 personnes,Camping Les Salisses,8 Adultes, 34450 VIAS,,,19,camping-les-salisses-76793,
,01/05/2023,13/05/2023,20/05/2023,667,573,MOBILHOME 6 personnes - IRM 2 chambres,Camping Les Salisses,4 Adultes, 34450 VIAS,,,19,camping-les-salisses-76793,
,01/05/2023,13/05/2023,20/05/2023,349,349,MOBILHOME 6 personnes - Cottage 3 chambres climatisé + TV,Camping Club Le Littoral,6 Adultes, 66700 ARGELES,,,19,camping-club-le-littoral-76763,
,01/05/2023,13/05/2023,20/05/2023,525.61,346.90,MOBILHOME 6 personnes - Cottage 4 Pièces 6 Personnes Climatisé + TV,Camping Club Le Littoral,6 Adultes, 66700 ARGELES,,,19,camping-club-le-littoral-76763,
,01/05/2023,13/05/2023,20/05/2023,452.40,362.40,MOBILHOME 4 personnes - Bergame CONFORT Climatisé,Camping Club Le Littoral,4 Adultes, 66700 ARGELES,,,19,camping-club-le-littoral-76763,
,01/05/2023,13/05/2023,20/05/2023,485.50,364.50,MOBILHOME 6 personnes - Venezia CONFORT Climatisé,Camping Club Le Littoral,6 Adultes, 66700 ARGELES,,,19,camping-club-le-littoral-76763,
,01/05/2023,13/05/2023,20/05/2023,414.49,368.90,MOBILHOME 6 personnes - Cottage 3 Pièces Climatisé + TV,Camping Club Le Littoral,4 Adultes, 66700 ARGELES,,,19,camping-club-le-littoral-76763,
,01/05/2023,13/05/2023,20/05/2023,399,299,MOBILHOME 6 personnes - avec climatisation,Camping Bleu Marine,4 Adultes, 34410 SERIGNAN,,,19,camping-bleu-marine-78529,
,01/05/2023,13/05/2023,20/05/2023,179,179,MOBILHOME 4 personnes - COCOON,Camping La Maïre,4 Adultes, 34410 SERIGNAN,,,19,camping-la-maire-78521,
,01/05/2023,13/05/2023,20/05/2023,199,199,MOBILHOME 6 personnes - LOISIR,Camping La Maïre,6 Adultes, 34410 SERIGNAN,,,19,camping-la-maire-78521,
,01/05/2023,13/05/2023,20/05/2023,269,269,MOBILHOME 6 personnes - Cottage 3 chambres Climatisé + TV + LV,Camping Campéole La Côte des Roses,6 Adultes, 11100 NARBONNE PLAGE,,,19,camping-campeole-la-cote-des-roses-77876,
,01/05/2023,13/05/2023,20/05/2023,380,266,MOBILHOME 6 personnes - Riviera STANDARD Climatisé 4/6 p,Camping Campéole La Côte des Roses,6 Adultes, 11100 NARBONNE PLAGE,,,19,camping-campeole-la-cote-des-roses-77876,
,01/05/2023,13/05/2023,20/05/2023,413.09,280.90,MOBILHOME 6 personnes - Cottage 4 Pièces 6 Personnes Climatisé + TV,Camping Campéole La Côte des Roses,4 Adultes, 11100 NARBONNE PLAGE,,,19,camping-campeole-la-cote-des-roses-77876,
,01/05/2023,13/05/2023,20/05/2023,474.25,356.25,MOBILHOME 6 personnes - Bahia CONFORT Climatisé,Camping Campéole La Côte des Roses,6 Adultes, 11100 NARBONNE PLAGE,,,19,camping-campeole-la-cote-des-roses-77876,
,01/05/2023,13/05/2023,20/05/2023,485.50,364.50,MOBILHOME 6 personnes - Venezia CONFORT Climatisé Vue Plan deau,Camping Campéole La Côte des Roses,6 Adultes, 11100 NARBONNE PLAGE,,,19,camping-campeole-la-cote-des-roses-77876,
,01/05/2023,13/05/2023,20/05/2023,229,229,MOBILHOME 4 personnes - Classique (arrivée samedi),Le Pearl - Camping Paradis,4 Adultes, 66700 ARGELES,,,19,le-pearl-camping-paradis-76750,
,01/05/2023,13/05/2023,20/05/2023,279,279,MOBILHOME 7 personnes - Confort  (arrivée samedi),Le Pearl - Camping Paradis,7 Adultes, 66700 ARGELES,,,19,le-pearl-camping-paradis-76750,
,01/05/2023,13/05/2023,20/05/2023,450,199,MOBILHOME 6 personnes - EVO 29,Camping Le Pradal,4 Adultes, 30140 ANDUZE,,,19,camping-le-pradal-80808,
,01/05/2023,13/05/2023,20/05/2023,238,229,MOBILHOME 4 personnes,Camping Le Bois de Pins,4 Adultes, 66600 SALSES LE CHATEAU,,,19,camping-le-bois-de-pins-78456,
,01/05/2023,13/05/2023,20/05/2023,294,239,MOBILHOME 4 personnes - CONFORT avec TV,Camping Le Bois de Pins,4 Adultes, 66600 SALSES LE CHATEAU,,,19,camping-le-bois-de-pins-78456,
,01/05/2023,13/05/2023,20/05/2023,245,245,MOBILHOME 4 personnes - 2 chambres 24m²,Camping Le Bois de Pins,4 Adultes, 66600 SALSES LE CHATEAU,,,19,camping-le-bois-de-pins-78456,
,01/05/2023,13/05/2023,20/05/2023,287,287,MOBILHOME 4 personnes - Confort 2 chambres 28m²,Camping Le Bois de Pins,4 Adultes, 66600 SALSES LE CHATEAU,,,19,camping-le-bois-de-pins-78456,
,01/05/2023,13/05/2023,20/05/2023,371,371,MOBILHOME 6 personnes - Confort 3 chambres  32m²,Camping Le Bois de Pins,6 Adultes, 66600 SALSES LE CHATEAU,,,19,camping-le-bois-de-pins-78456,
,01/05/2023,13/05/2023,20/05/2023,525,169,MOBILHOME 6 personnes - 3 chambres,Camping Les Amandiers,6 Adultes, 30660 GALLARGUES LE MONTUEUX,,,19,camping-les-amandiers-77289,
,01/05/2023,13/05/2023,20/05/2023,245,245,BUNGALOW 5 personnes - TITHOME - sans sanitaires - sans arrivée d'eau,Camping Les Amandiers,4 Adultes, 30660 GALLARGUES LE MONTUEUX,,,19,camping-les-amandiers-77289,
,01/05/2023,13/05/2023,20/05/2023,99,99,MOBILHOME 5 personnes - 2 chambres 4/5 places,Camping Mer et Camargue,5 Adultes, 30420 CALVISSON,,,19,camping-mer-et-camargue-76986,
,01/05/2023,13/05/2023,20/05/2023,444.74,346.90,MOBILHOME 6 personnes - Cottage 3 Pièces 4/6 Personnes Climatisé + TV,Camping Club Les Tamaris,6 Adultes, 66420 LE BARCARES,,,19,camping-club-les-tamaris-77541,
,01/05/2023,13/05/2023,20/05/2023,419,419,MOBILHOME 6 personnes - 6 Places 3 Chambres (Clim TV),Camping Club Les Tamaris,6 Adultes, 66420 LE BARCARES,,,19,camping-club-les-tamaris-77541,
,01/05/2023,13/05/2023,20/05/2023,412,412,MOBILHOME 6 personnes - 2 Chambres (Clim ),Camping Eden,6 Adultes,Port Camargue ,,,19,camping-eden-77586,
,01/05/2023,13/05/2023,20/05/2023,312,312,MOBILHOME 4 personnes - 2 Chambres (Clim),Camping Montpellier Plage,4 Adultes, 34250 PALAVAS LES FLOTS,,,19,camping-montpellier-plage-77942,
,01/05/2023,13/05/2023,20/05/2023,199,199,MOBILHOME 6 personnes - 2 chambres,Camping Soleil d'Oc,4 Adultes, 11100 NARBONNE PLAGE,,,19,camping-soleil-d-oc-78992,
,01/05/2023,13/05/2023,20/05/2023,199,199,TENTE TOILE ET BOIS 4 personnes - Les Muguets - 4 personnes,Camping Paradis Bellerive,4 Adultes, 30490 MONTFRIN,,,19,camping-paradis-bellerive-77841,
,01/05/2023,13/05/2023,20/05/2023,249,249,CHALET 4 personnes - Les Mimosas - 2 chambres avec climatisation,Camping Paradis Bellerive,4 Adultes, 30490 MONTFRIN,,,19,camping-paradis-bellerive-77841,
,01/05/2023,13/05/2023,20/05/2023,269,269,MOBILHOME 6 personnes - Les Lavandes - 2 chambres avec climatisation,Camping Paradis Bellerive,6 Adultes, 30490 MONTFRIN,,,19,camping-paradis-bellerive-77841,
,01/05/2023,13/05/2023,20/05/2023,289,289,MOBILHOME 6 personnes - Les Jasmins - 2 chambres avec climatisation,Camping Paradis Bellerive,6 Adultes, 30490 MONTFRIN,,,19,camping-paradis-bellerive-77841,
,01/05/2023,13/05/2023,20/05/2023,290,290,CHALET 3 personnes - Chalet Confort 16 m² - 1 chambre - climatisation (possibilité couchage d'appoint) 2 pers,Camping Les Casteillets,2 Adultes,Chemin de l'Ille ,,,19,camping-les-casteillets-79412,
,01/05/2023,13/05/2023,20/05/2023,300,300,MOBILHOME 4 personnes - Standard 24 m² - 2 chambres,Camping Les Casteillets,4 Adultes,Chemin de l'Ille ,,,19,camping-les-casteillets-79412,
,01/05/2023,13/05/2023,20/05/2023,315,315,MOBILHOME 4 personnes - Standard + 26 m² - 2 chambres,Camping Les Casteillets,4 Adultes,Chemin de l'Ille ,,,19,camping-les-casteillets-79412,
,01/05/2023,13/05/2023,20/05/2023,330,330,MOBILHOME 4 personnes - Confort 28 m² - 2 chambres - climatisation,Camping Les Casteillets,4 Adultes,Chemin de l'Ille ,,,19,camping-les-casteillets-79412,
,01/05/2023,13/05/2023,20/05/2023,486,426,MOBILHOME 6 personnes - CONFORT PLUS D,Camping Le Mas des Lavandes,6 Adultes, 34410 SERIGNAN,,,19,camping-le-mas-des-lavandes-76672,
,01/05/2023,13/05/2023,20/05/2023,528,462,MOBILHOME 6 personnes - PREMIUM D,Camping Le Mas des Lavandes,6 Adultes, 34410 SERIGNAN,,,19,camping-le-mas-des-lavandes-76672,
,01/05/2023,13/05/2023,20/05/2023,539,462,MOBILHOME 6 personnes - PREMIUM S,Camping Le Mas des Lavandes,6 Adultes, 34410 SERIGNAN,,,19,camping-le-mas-des-lavandes-76672,
,01/05/2023,13/05/2023,20/05/2023,605,528,MOBILHOME 6 personnes - PREMIUM D,Camping Le Mas des Lavandes,6 Adultes, 34410 SERIGNAN,,,19,camping-le-mas-des-lavandes-76672,
,01/05/2023,13/05/2023,20/05/2023,616,528,MOBILHOME 6 personnes - PREMIUM S,Camping Le Mas des Lavandes,6 Adultes, 34410 SERIGNAN,,,19,camping-le-mas-des-lavandes-76672,
,01/05/2023,13/05/2023,20/05/2023,770,660,MOBILHOME 6 personnes - PRESTIGE S,Camping Le Mas des Lavandes,6 Adultes, 34410 SERIGNAN,,,19,camping-le-mas-des-lavandes-76672,
,01/05/2023,13/05/2023,20/05/2023,759,660,MOBILHOME 6 personnes - PRESTIGE D,Camping Le Mas des Lavandes,6 Adultes, 34410 SERIGNAN,,,19,camping-le-mas-des-lavandes-76672,
,01/05/2023,13/05/2023,20/05/2023,350,350,MOBILHOME 4 personnes - DRESSING PREMIUM,Camping Le Bosc d'En Roug,4 Adultes, 66750 SAINT CYPRIEN,,,19,camping-le-bosc-den-roug-78217,
,01/05/2023,13/05/2023,20/05/2023,350,350,MOBILHOME 5 personnes - ESPACE,Camping Le Bosc d'En Roug,5 Adultes, 66750 SAINT CYPRIEN,,,19,camping-le-bosc-den-roug-78217,
,01/05/2023,13/05/2023,20/05/2023,378,378,MOBILHOME 4 personnes - CONFORT PREMIUM,Camping Le Bosc d'En Roug,4 Adultes, 66750 SAINT CYPRIEN,,,19,camping-le-bosc-den-roug-78217,
,01/05/2023,13/05/2023,20/05/2023,420,420,MOBILHOME 6 personnes - ESPACE,Camping Le Bosc d'En Roug,6 Adultes, 66750 SAINT CYPRIEN,,,19,camping-le-bosc-den-roug-78217,
,01/05/2023,13/05/2023,20/05/2023,441,441,MOBILHOME 5 personnes - ESPACE PREMIUM,Camping Le Bosc d'En Roug,4 Adultes, 66750 SAINT CYPRIEN,,,19,camping-le-bosc-den-roug-78217,
,01/05/2023,13/05/2023,20/05/2023,483,483,MOBILHOME 4 personnes - COTTAGE PREMIUM,Camping Le Bosc d'En Roug,4 Adultes, 66750 SAINT CYPRIEN,,,19,camping-le-bosc-den-roug-78217,
,01/05/2023,13/05/2023,20/05/2023,442,317,TENTE TOILE ET BOIS 5 personnes - Tente Nature Lodge | 5 personnes | 2 chambres,Camping La Marine,4 Adultes, 30240 LE GRAU DU ROI,,,19,camping-la-marine-77580,
,01/05/2023,13/05/2023,20/05/2023,803,577,MOBILHOME 4 personnes - Cosy 2 chambres climatisé (I42C),Camping La Marine,4 Adultes, 30240 LE GRAU DU ROI,,,19,camping-la-marine-77580,
,01/05/2023,13/05/2023,20/05/2023,340,340,MOBILHOME 5 personnes - Climatisé,Camping Domaine Résidentiel de Plein Air Elysée,4 Adultes, 30240 LE GRAU DU ROI,,,19,camping-domaine-residentiel-de-plein-air-elysee-77578,
,01/05/2023,13/05/2023,20/05/2023,355,355,MOBILHOME 6 personnes - Climatisé,Camping Domaine Résidentiel de Plein Air Elysée,4 Adultes, 30240 LE GRAU DU ROI,,,19,camping-domaine-residentiel-de-plein-air-elysee-77578,
,01/05/2023,13/05/2023,20/05/2023,398,189,MOBILHOME 4 personnes,Camping l'Oasis Palavasienne,4 Adultes, 34970 LATTES,,,19,camping-l-oasis-palavasienne-77514,
,01/05/2023,13/05/2023,20/05/2023,229,229,MOBILHOME 4 personnes,Camping Club Le Florida,2 Adultes, 66200 ELNE,,,19,camping-club-le-florida-79506,
,01/05/2023,13/05/2023,20/05/2023,249,249,MOBILHOME 6 personnes,Camping Club Le Florida,6 Adultes, 66200 ELNE,,,19,camping-club-le-florida-79506,
,01/05/2023,13/05/2023,20/05/2023,399,399,MOBILHOME 5 personnes - Cottage Calypso - Climatisé,Camping les Jardins d'Agathe,4 Adultes,98 route de la Guiraudette ,,,19,camping-les-jardins-d-agathe-76695,
,01/05/2023,13/05/2023,20/05/2023,394.25,296.25,GÎTE 2 personnes - Essentiel,Camping Le Méditerranée Argelès,2 Adultes, 66700 ARGELES,,,19,camping-le-mediterranee-argeles-76634,
,01/05/2023,13/05/2023,20/05/2023,440,330,GÎTE 4 personnes - Essentiel,Camping Le Méditerranée Argelès,4 Adultes, 66700 ARGELES,,,19,camping-le-mediterranee-argeles-76634,
,01/05/2023,13/05/2023,20/05/2023,473.50,355.50,GÎTE 2 personnes - 2 PMR Grand Confort,Camping Le Méditerranée Argelès,2 Adultes, 66700 ARGELES,,,19,camping-le-mediterranee-argeles-76634,
,01/05/2023,13/05/2023,20/05/2023,473.50,355.50,MOBILHOME 4 personnes - Evasion,Camping Le Méditerranée Argelès,4 Adultes, 66700 ARGELES,,,19,camping-le-mediterranee-argeles-76634,
,01/05/2023,13/05/2023,20/05/2023,536,402,MOBILHOME 4 personnes - Grand Confort,Camping Le Méditerranée Argelès,4 Adultes, 66700 ARGELES,,,19,camping-le-mediterranee-argeles-76634,
,01/05/2023,13/05/2023,20/05/2023,621.50,466.50,CHALET 4 personnes - Prestige,Camping Le Méditerranée Argelès,4 Adultes, 66700 ARGELES,,,19,camping-le-mediterranee-argeles-76634,
,01/05/2023,13/05/2023,20/05/2023,621.50,466.50,MOBILHOME 6 personnes - Grand Confort,Camping Le Méditerranée Argelès,4 Adultes, 66700 ARGELES,,,19,camping-le-mediterranee-argeles-76634,
,01/05/2023,13/05/2023,20/05/2023,708,531,GÎTE 6 personnes - 4/6 personnes Prestige,Camping Le Méditerranée Argelès,4 Adultes, 66700 ARGELES,,,19,camping-le-mediterranee-argeles-76634,
,01/05/2023,13/05/2023,20/05/2023,708,531,CHALET 6 personnes - Prestige 6,Camping Le Méditerranée Argelès,6 Adultes, 66700 ARGELES,,,19,camping-le-mediterranee-argeles-76634,
,01/05/2023,13/05/2023,20/05/2023,882.25,662.25,GÎTE 8 personnes - 6/8 Prestige,Camping Le Méditerranée Argelès,6 Adultes, 66700 ARGELES,,,19,camping-le-mediterranee-argeles-76634,
,01/05/2023,13/05/2023,20/05/2023,260,260,BUNGALOW TOILÉ 4 personnes - COCO SWEET,Camping Le Jardin des Cévennes,4 Adultes, 48150 MEYRUEIS,,,19,camping-le-jardin-des-cevennes-77809,
,01/05/2023,13/05/2023,20/05/2023,295,295,BUNGALOW TOILÉ 5 personnes - Tithome - sans sanitaires,Camping Le Jardin des Cévennes,4 Adultes, 48150 MEYRUEIS,,,19,camping-le-jardin-des-cevennes-77809,
,01/05/2023,13/05/2023,20/05/2023,395,395,MOBILHOME 4 personnes - OAKLEY,Camping Le Jardin des Cévennes,2 Adultes, 48150 MEYRUEIS,,,19,camping-le-jardin-des-cevennes-77809,
,01/05/2023,13/05/2023,20/05/2023,435,435,MOBILHOME 6 personnes - BERMUDES,Camping Le Jardin des Cévennes,6 Adultes, 48150 MEYRUEIS,,,19,camping-le-jardin-des-cevennes-77809,
,01/05/2023,13/05/2023,20/05/2023,302,302,MOBILHOME 4 personnes - 'IRM' Super Mercure (2 chambres),Camping Le Capelan,4 Adultes, 48150 MEYRUEIS,,,19,camping-le-capelan-77807,
,01/05/2023,13/05/2023,20/05/2023,348,348,MOBILHOME 4 personnes - 'Louisiane' Oakley-Océane-Pacifique (2 chambres),Camping Le Capelan,4 Adultes, 48150 MEYRUEIS,,,19,camping-le-capelan-77807,
,01/05/2023,13/05/2023,20/05/2023,379,379,MOBILHOME 6 personnes - Louisiane Flores (2 chambres),Camping Le Capelan,4 Adultes, 48150 MEYRUEIS,,,19,camping-le-capelan-77807,
,01/05/2023,13/05/2023,20/05/2023,399,399,MOBILHOME 4 personnes - Louisiane Méditerranée (2 chambres),Camping Le Capelan,4 Adultes, 48150 MEYRUEIS,,,19,camping-le-capelan-77807,
,01/05/2023,13/05/2023,20/05/2023,429,429,MOBILHOME 6 personnes - Louisiane Zen + Flores (3 Chambres),Camping Le Capelan,6 Adultes, 48150 MEYRUEIS,,,19,camping-le-capelan-77807,
,01/05/2023,13/05/2023,20/05/2023,455,455,MOBILHOME 5 personnes - PRESTIGE DECLIK,Camping Ma Prairie,5 Adultes, 66140 CANET EN ROUSSILLON,,,19,camping-ma-prairie-87220,
,01/05/2023,13/05/2023,20/05/2023,455,455,MOBILHOME 6 personnes - COTTAGE III,Camping Ma Prairie,6 Adultes, 66140 CANET EN ROUSSILLON,,,19,camping-ma-prairie-87220,
,01/05/2023,13/05/2023,20/05/2023,455,455,MOBILHOME 5 personnes - PRESTIGE PINEDE,Camping Ma Prairie,5 Adultes, 66140 CANET EN ROUSSILLON,,,19,camping-ma-prairie-87220,
,01/05/2023,13/05/2023,20/05/2023,490,490,MOBILHOME 5 personnes - PRESTIGE TAOS,Camping Ma Prairie,5 Adultes, 66140 CANET EN ROUSSILLON,,,19,camping-ma-prairie-87220,
,01/05/2023,13/05/2023,20/05/2023,230,230,MOBILHOME 6 personnes - Gamme Essentiel,Camping International du Roussillon,4 Adultes, 66600 SALSES LE CHATEAU,,,19,camping-international-du-roussillon-78453,
,01/05/2023,13/05/2023,20/05/2023,250,250,MOBILHOME 6 personnes - Gamme Confort,Camping International du Roussillon,4 Adultes, 66600 SALSES LE CHATEAU,,,19,camping-international-du-roussillon-78453,
,01/05/2023,13/05/2023,20/05/2023,280,280,MOBILHOME 8 personnes - Gamme Family,Camping International du Roussillon,6 Adultes, 66600 SALSES LE CHATEAU,,,19,camping-international-du-roussillon-78453,
,01/05/2023,13/05/2023,20/05/2023,330,330,MOBILHOME 8 personnes - MAXI Family,Camping International du Roussillon,6 Adultes, 66600 SALSES LE CHATEAU,,,19,camping-international-du-roussillon-78453,
,01/05/2023,13/05/2023,20/05/2023,320.10,272.10,MOBILHOME 6 personnes - Classic XL 4/6 places,Camping Le Val de Cesse,4 Adultes, 11120 MIREPEISSET,,,19,camping-le-val-de-cesse-77745,
,01/05/2023,13/05/2023,20/05/2023,475,475,TENTE TOILE ET BOIS 5 personnes - Sunlodge  Confort (pas de douche),Camping Les Sablons,5 Adultes, 34420 PORTIRAGNES PLAGE,,,19,camping-les-sablons-78104,
,01/05/2023,13/05/2023,20/05/2023,555,555,TENTE TOILE ET BOIS 6 personnes - LODGE Prestige CAMPING,Camping Les Sablons,6 Adultes, 34420 PORTIRAGNES PLAGE,,,19,camping-les-sablons-78104,
,01/05/2023,13/05/2023,20/05/2023,590,590,TENTE TOILE ET BOIS 6 personnes - SUNLODGE PRESTIGE ETANG 2CH 1 SDB,Camping Les Sablons,6 Adultes, 34420 PORTIRAGNES PLAGE,,,19,camping-les-sablons-78104,
,01/05/2023,13/05/2023,20/05/2023,591,591,MOBILHOME 4 personnes - MH CONFORT 2 CH 1 SDB,Camping Les Sablons,4 Adultes, 34420 PORTIRAGNES PLAGE,,,19,camping-les-sablons-78104,
,01/05/2023,13/05/2023,20/05/2023,625,625,MOBILHOME 4 personnes - MH CONFORT PLUS 2 CH 1 SDB,Camping Les Sablons,4 Adultes, 34420 PORTIRAGNES PLAGE,,,19,camping-les-sablons-78104,
,01/05/2023,13/05/2023,20/05/2023,640,640,CHALET 6 personnes - Prestige camping,Camping Les Sablons,6 Adultes, 34420 PORTIRAGNES PLAGE,,,19,camping-les-sablons-78104,
,01/05/2023,13/05/2023,20/05/2023,670,670,MOBILHOME 4 personnes - SUNELIA MH PRESTIGE 2 CH 1 SDB,Camping Les Sablons,4 Adultes, 34420 PORTIRAGNES PLAGE,,,19,camping-les-sablons-78104,
,01/05/2023,13/05/2023,20/05/2023,682,682,MOBILHOME 6 personnes - Confort,Camping Les Sablons,6 Adultes, 34420 PORTIRAGNES PLAGE,,,19,camping-les-sablons-78104,
,01/05/2023,13/05/2023,20/05/2023,696,696,MOBILHOME 6 personnes - Confort Plus 3 CH,Camping Les Sablons,6 Adultes, 34420 PORTIRAGNES PLAGE,,,19,camping-les-sablons-78104,
,01/05/2023,13/05/2023,20/05/2023,740,740,MOBILHOME 6 personnes - MH PRESTIGE 2 CH 2 SDB 4/6,Camping Les Sablons,4 Adultes, 34420 PORTIRAGNES PLAGE,,,19,camping-les-sablons-78104,
,01/05/2023,13/05/2023,20/05/2023,765,765,CHALET 6 personnes - SUP ETANG,Camping Les Sablons,6 Adultes, 34420 PORTIRAGNES PLAGE,,,19,camping-les-sablons-78104,
,01/05/2023,13/05/2023,20/05/2023,830,830,MOBILHOME 6 personnes - MH PRESTIGE 3 CH 2 SDB,Camping Les Sablons,6 Adultes, 34420 PORTIRAGNES PLAGE,,,19,camping-les-sablons-78104,
,01/05/2023,13/05/2023,20/05/2023,876,876,MOBILHOME 4 personnes - TAOS Luxe 2CH,Camping Les Sablons,4 Adultes, 34420 PORTIRAGNES PLAGE,,,19,camping-les-sablons-78104,
,01/05/2023,13/05/2023,20/05/2023,975,975,MOBILHOME 6 personnes - TAOS 3CH 6P,Camping Les Sablons,6 Adultes, 34420 PORTIRAGNES PLAGE,,,19,camping-les-sablons-78104,
,01/05/2023,13/05/2023,20/05/2023,1097,1097,CHALET 7 personnes - Chalet Luxe 2 CH,Camping Les Sablons,7 Adultes, 34420 PORTIRAGNES PLAGE,,,19,camping-les-sablons-78104,
,01/05/2023,13/05/2023,20/05/2023,634,391,MOBILHOME 5 personnes - Cosy 2 chambres Climatisé  (I52C),Camping Le Palavas,4 Adultes, 34250 PALAVAS LES FLOTS,,,19,camping-le-palavas-77941,
,01/05/2023,13/05/2023,20/05/2023,670,411,MOBILHOME 6 personnes - Cosy 2 chambres Climatisé (I62C),Camping Le Palavas,5 Adultes, 34250 PALAVAS LES FLOTS,,,19,camping-le-palavas-77941,
,01/05/2023,13/05/2023,20/05/2023,737,449,MOBILHOME 6 personnes - Cosy 3 chambres Climatisé (I63C),Camping Le Palavas,6 Adultes, 34250 PALAVAS LES FLOTS,,,19,camping-le-palavas-77941,
,01/05/2023,13/05/2023,20/05/2023,737,449,BUNGALOW 6 personnes - Cabane tithome 3 chambres Climatisée (CS6C),Camping Le Palavas,4 Adultes, 34250 PALAVAS LES FLOTS,,,19,camping-le-palavas-77941,
,01/05/2023,13/05/2023,20/05/2023,199,199,BUNGALOW TOILÉ 4 personnes - Coco Paradis 15 m2 - 2 chambres dimanche,Camping Les Amarines - Camping Paradis,4 Adultes, 30630 CORNILLON,,,19,camping-les-amarines-camping-paradis-80995,
,01/05/2023,13/05/2023,20/05/2023,252,252,MOBILHOME 8 personnes - Bien-être 3ch 8p Signature clim,Camping Siblu Mar Estang - Funpass inclus,8 Adultes, 66140 CANET EN ROUSSILLON,,,19,camping-siblu-mar-estang-funpass-inclus-76997,
,01/05/2023,13/05/2023,20/05/2023,252,252,MOBILHOME 8 personnes - Bien-être 3ch 8p Signature clim,Camping Siblu Les Sables du midi - Funpass inclus,8 Adultes, 34000 VALRAS,,,19,camping-siblu-les-sables-du-midi-funpass-inclus-78692,
,01/05/2023,13/05/2023,20/05/2023,319,319,MOBILHOME 6 personnes - Confort 4/6 places,,6 Adultes, 66700 ARGELES,,,19,village-vacances-les-abricotiers-76747,
,01/05/2023,13/05/2023,20/05/2023,351,351,MOBILHOME 6 personnes - Supérieur 4/6 places,,6 Adultes, 66700 ARGELES,,,19,village-vacances-les-abricotiers-76747,
,01/05/2023,13/05/2023,20/05/2023,543.80,366.80,"MOBILHOME 6 personnes - Confort, 3 chambres",Camping Le Bois Fleuri,4 Adultes, 66700 ARGELES,,,19,camping-le-bois-fleuri-76664,
,01/05/2023,13/05/2023,20/05/2023,543.80,366.80,CHALET 6 personnes - Belair Charme,Camping Le Bois Fleuri,4 Adultes, 66700 ARGELES,,,19,camping-le-bois-fleuri-76664,
,01/05/2023,13/05/2023,20/05/2023,543.80,366.80,CHALET 6 personnes - Belair Charme,Camping Le Bois Fleuri,4 Adultes, 66700 ARGELES,,,19,camping-le-bois-fleuri-76664,
,01/05/2023,13/05/2023,20/05/2023,543.80,366.80,"MOBILHOME 6 personnes - Confort, 3 chambres",Camping Le Bois Fleuri,4 Adultes, 66700 ARGELES,,,19,camping-le-bois-fleuri-76664,
,01/05/2023,13/05/2023,20/05/2023,543.80,366.80,MOBILHOME 6 personnes - Confort 6 Pers. 3ch,Camping Le Bois Fleuri,4 Adultes, 66700 ARGELES,,,19,camping-le-bois-fleuri-76664,
,01/05/2023,13/05/2023,20/05/2023,543.80,366.80,MOBILHOME 4 personnes - Charme Plus 4 pers 2ch.,Camping Le Bois Fleuri,4 Adultes, 66700 ARGELES,,,19,camping-le-bois-fleuri-76664,
,01/05/2023,13/05/2023,20/05/2023,543.80,366.80,MOBILHOME 4 personnes - Charme Plus 4 pers 2ch.,Camping Le Bois Fleuri,4 Adultes, 66700 ARGELES,,,19,camping-le-bois-fleuri-76664,
,01/05/2023,13/05/2023,20/05/2023,543.80,366.80,MOBILHOME 4 personnes - Mobil-Home Charme Plus 4 pers 2ch.,Camping Le Bois Fleuri,4 Adultes, 66700 ARGELES,,,19,camping-le-bois-fleuri-76664,
,01/05/2023,13/05/2023,20/05/2023,590.10,398.10,MOBILHOME 6 personnes - Charme Plus,Camping Le Bois Fleuri,4 Adultes, 66700 ARGELES,,,19,camping-le-bois-fleuri-76664,
,01/05/2023,13/05/2023,20/05/2023,590.10,398.10,MOBILHOME 6 personnes - Charme Plus,Camping Le Bois Fleuri,4 Adultes, 66700 ARGELES,,,19,camping-le-bois-fleuri-76664,
,01/05/2023,13/05/2023,20/05/2023,590.10,398.10,MOBILHOME 6 personnes - Charme Plus 6 pers 3 ch.,Camping Le Bois Fleuri,4 Adultes, 66700 ARGELES,,,19,camping-le-bois-fleuri-76664,
,01/05/2023,13/05/2023,20/05/2023,648.70,436.70,CHALET 6 personnes - Family Charme 3ch,Camping Le Bois Fleuri,4 Adultes, 66700 ARGELES,,,19,camping-le-bois-fleuri-76664,
,01/05/2023,13/05/2023,20/05/2023,648.70,436.70,CHALET 6 personnes - Family Charme Plus,Camping Le Bois Fleuri,4 Adultes, 66700 ARGELES,,,19,camping-le-bois-fleuri-76664,
,01/05/2023,13/05/2023,20/05/2023,648.70,436.70,CHALET 6 personnes - Family Charme 3ch,Camping Le Bois Fleuri,4 Adultes, 66700 ARGELES,,,19,camping-le-bois-fleuri-76664,
,01/05/2023,13/05/2023,20/05/2023,749.60,504.60,MOBILHOME 6 personnes - Suite Charme Plus,Camping Le Bois Fleuri,4 Adultes, 66700 ARGELES,,,19,camping-le-bois-fleuri-76664,
,01/05/2023,13/05/2023,20/05/2023,749.60,504.60,MOBILHOME 6 personnes - Suite Charme Duo,Camping Le Bois Fleuri,4 Adultes, 66700 ARGELES,,,19,camping-le-bois-fleuri-76664,
,01/05/2023,13/05/2023,20/05/2023,749.60,504.60,MOBILHOME 6 personnes - Suite Charme Plus,Camping Le Bois Fleuri,4 Adultes, 66700 ARGELES,,,19,camping-le-bois-fleuri-76664,
,01/05/2023,13/05/2023,20/05/2023,749.60,504.60,MOBILHOME 6 personnes - Suite Charme Duo,Camping Le Bois Fleuri,4 Adultes, 66700 ARGELES,,,19,camping-le-bois-fleuri-76664,
,01/05/2023,13/05/2023,20/05/2023,749.60,504.60,MOBILHOME 6 personnes - Suite Charme Duo,Camping Le Bois Fleuri,4 Adultes, 66700 ARGELES,,,19,camping-le-bois-fleuri-76664,
,01/05/2023,13/05/2023,20/05/2023,455,455,CHALET 4 personnes - 2 chambres,Camping Innature - Camping Sites et Paysages,4 Adultes, 11190 ARQUES,,,19,camping-innature-camping-sites-et-paysages-89352,
,01/05/2023,13/05/2023,20/05/2023,490,490,MOBILHOME 4 personnes - 2 chambres,Camping Innature - Camping Sites et Paysages,4 Adultes, 11190 ARQUES,,,19,camping-innature-camping-sites-et-paysages-89352,
,01/05/2023,13/05/2023,20/05/2023,490,490,CHALET 6 personnes - 3 chambres,Camping Innature - Camping Sites et Paysages,6 Adultes, 11190 ARQUES,,,19,camping-innature-camping-sites-et-paysages-89352,
,01/05/2023,13/05/2023,20/05/2023,735,735,VILLA 6 personnes - avec spa privatif,Camping Innature - Camping Sites et Paysages,6 Adultes, 11190 ARQUES,,,19,camping-innature-camping-sites-et-paysages-89352,
,01/05/2023,13/05/2023,20/05/2023,399,243,MOBILHOME 4 personnes - Classic 2 chambres (H4P2),Camping les Dunes,4 Adultes, 66440 TORREILLES,,,19,camping-les-dunes-78623,
,01/05/2023,13/05/2023,20/05/2023,528,326,MOBILHOME 6 personnes - Classic 3 chambres climatisé (H63C),Camping les Dunes,6 Adultes, 66440 TORREILLES,,,19,camping-les-dunes-78623,
,01/05/2023,13/05/2023,20/05/2023,588,363,MOBILHOME 4 personnes - Privilège 2 chambres (PM24),Camping les Dunes,4 Adultes, 66440 TORREILLES,,,19,camping-les-dunes-78623,
,01/05/2023,13/05/2023,20/05/2023,664,409,MOBILHOME 6 personnes - Privilège 3 chambres (PM36),Camping les Dunes,6 Adultes, 66440 TORREILLES,,,19,camping-les-dunes-78623,
,01/05/2023,13/05/2023,20/05/2023,250,250,MOBILHOME 4 personnes - 3M,Camping Domino,4 Adultes, 34440 NISSAN LEZ ENSERUNE,,,19,camping-domino-77940,
,01/05/2023,13/05/2023,20/05/2023,310,310,MOBILHOME 4 personnes - 4M,Camping Domino,4 Adultes, 34440 NISSAN LEZ ENSERUNE,,,19,camping-domino-77940,
,01/05/2023,13/05/2023,20/05/2023,325.40,293.40,MOBILHOME 6 personnes - 4/6- 2 chambres (clim-tv),Camping Domaine Saint Maurice,6 Adultes, 34250 PALAVAS LES FLOTS,,,19,camping-domaine-saint-maurice-77946,
,01/05/2023,13/05/2023,20/05/2023,350,350,"BUNGALOW TOILÉ 5 personnes - Sans chauffage, eau courante, salle de bain ni WC",Camping le Val d'Hérault,5 Adultes, 34190 BRISSAC,,,19,camping-le-val-dherault-76951,
,01/05/2023,13/05/2023,20/05/2023,406,406,"TENTE TOILE ET BOIS 4 personnes - Cabanon (sans chauffage, eau courante, salle de bain ni WC)",Camping le Val d'Hérault,4 Adultes, 34190 BRISSAC,,,19,camping-le-val-dherault-76951,
,01/05/2023,13/05/2023,20/05/2023,595,595,MOBILHOME 4 personnes - 25 m²,Camping le Val d'Hérault,4 Adultes, 34190 BRISSAC,,,19,camping-le-val-dherault-76951,
,01/05/2023,13/05/2023,20/05/2023,647,647,MOBILHOME 6 personnes - 30 m²,Camping le Val d'Hérault,6 Adultes, 34190 BRISSAC,,,19,camping-le-val-dherault-76951,
,01/05/2023,13/05/2023,20/05/2023,793,793,CHALET 6 personnes - GITOTEL OTTAWA,Camping le Val d'Hérault,6 Adultes, 34190 BRISSAC,,,19,camping-le-val-dherault-76951,
,01/05/2023,13/05/2023,20/05/2023,255,255,MOBILHOME 4 personnes - PLUTON 2000,Camping Le Tivoli,4 Adultes, 48000 MENDE,,,19,camping-le-tivoli-77705,
,01/05/2023,13/05/2023,20/05/2023,255,255,MOBILHOME 4 personnes - TITANIA 2000,Camping Le Tivoli,4 Adultes, 48000 MENDE,,,19,camping-le-tivoli-77705,
,01/05/2023,13/05/2023,20/05/2023,315,315,MOBILHOME 4 personnes - TITANIA 2007,Camping Le Tivoli,4 Adultes, 48000 MENDE,,,19,camping-le-tivoli-77705,
,01/05/2023,13/05/2023,20/05/2023,315,315,MOBILHOME 4 personnes - OAKLEY 2007,Camping Le Tivoli,4 Adultes, 48000 MENDE,,,19,camping-le-tivoli-77705,
,01/05/2023,13/05/2023,20/05/2023,370,370,MOBILHOME 4 personnes - O'HARA 2012,Camping Le Tivoli,4 Adultes, 48000 MENDE,,,19,camping-le-tivoli-77705,
,01/05/2023,13/05/2023,20/05/2023,473.90,402.90,MOBILHOME 4 personnes - BORNEO,Camping la Plage Argelès,4 Adultes, 66700 ARGELES,,,19,camping-la-plage-argeles-76745,
,01/05/2023,13/05/2023,20/05/2023,535.60,455.60,MOBILHOME 4 personnes - MALDIVES,Camping la Plage Argelès,4 Adultes, 66700 ARGELES,,,19,camping-la-plage-argeles-76745,
,01/05/2023,13/05/2023,20/05/2023,535.60,455.60,MOBILHOME 6 personnes - SAMOA,Camping la Plage Argelès,4 Adultes, 66700 ARGELES,,,19,camping-la-plage-argeles-76745,
,01/05/2023,13/05/2023,20/05/2023,535.60,455.60,MOBILHOME 4 personnes - BALEARES,Camping la Plage Argelès,4 Adultes, 66700 ARGELES,,,19,camping-la-plage-argeles-76745,
,01/05/2023,13/05/2023,20/05/2023,597.30,508.30,MOBILHOME 4 personnes - MOOREA,Camping la Plage Argelès,4 Adultes, 66700 ARGELES,,,19,camping-la-plage-argeles-76745,
,01/05/2023,13/05/2023,20/05/2023,624.25,531.25,MOBILHOME 6 personnes - TONGA,Camping la Plage Argelès,6 Adultes, 66700 ARGELES,,,19,camping-la-plage-argeles-76745,
,01/05/2023,13/05/2023,20/05/2023,624.25,531.25,MOBILHOME 4 personnes - WALLIS,Camping la Plage Argelès,4 Adultes, 66700 ARGELES,,,19,camping-la-plage-argeles-76745,
,01/05/2023,13/05/2023,20/05/2023,707.80,601.80,MOBILHOME 6 personnes - FUTUNA,Camping la Plage Argelès,6 Adultes, 66700 ARGELES,,,19,camping-la-plage-argeles-76745,
,01/05/2023,13/05/2023,20/05/2023,369,369,TENTE TOILE ET BOIS 4 personnes - COCO SWEET sans sanitaires,Le Moulin de Sainte-Anne - Camping Sites et Paysages,4 Adultes,Anne ,,,19,le-moulin-de-sainte-anne-camping-sites-et-paysages-87661,
,01/05/2023,13/05/2023,20/05/2023,415,415,CHALET 4 personnes - MONTANA,Le Moulin de Sainte-Anne - Camping Sites et Paysages,4 Adultes,Anne ,,,19,le-moulin-de-sainte-anne-camping-sites-et-paysages-87661,
,01/05/2023,13/05/2023,20/05/2023,453,453,MOBILHOME 4 personnes - LOGGIA,Le Moulin de Sainte-Anne - Camping Sites et Paysages,2 Adultes,Anne ,,,19,le-moulin-de-sainte-anne-camping-sites-et-paysages-87661,
,01/05/2023,13/05/2023,20/05/2023,1024,1024,MOBILHOME 8 personnes - Tribu,Le Moulin de Sainte-Anne - Camping Sites et Paysages,8 Adultes,Anne ,,,19,le-moulin-de-sainte-anne-camping-sites-et-paysages-87661,
,01/05/2023,13/05/2023,20/05/2023,495,346.50,MOBILHOME 6 personnes,Camping Taxo les Pins,6 Adultes, 66700 ARGELES,,,19,camping-taxo-les-pins-76759,
,01/05/2023,13/05/2023,20/05/2023,280,280,MOBILHOME 6 personnes,Domaine Résidentiel de Plein Air La Pinède,6 Adultes, 34300 AGDE,,,19,domaine-residentiel-de-plein-air-la-pinede-76681,
,01/05/2023,13/05/2023,20/05/2023,305,305,MOBILHOME 8 personnes,Domaine Résidentiel de Plein Air La Pinède,8 Adultes, 34300 AGDE,,,19,domaine-residentiel-de-plein-air-la-pinede-76681,
,01/05/2023,13/05/2023,20/05/2023,315,315,MOBILHOME 4 personnes - privilège climatisé,Camping l'Etoile d'Or,2 Adultes, 66700 ARGELES,,,19,camping-l-etoile-d-or-79472,
,01/05/2023,13/05/2023,20/05/2023,350,350,MOBILHOME 4 personnes - Cottage Privilège + Clim,Camping l'Etoile d'Or,2 Adultes, 66700 ARGELES,,,19,camping-l-etoile-d-or-79472,
,01/05/2023,13/05/2023,20/05/2023,385,385,MOBILHOME 6 personnes - Cottage Privilège 2 chambres + Clim,Camping l'Etoile d'Or,4 Adultes, 66700 ARGELES,,,19,camping-l-etoile-d-or-79472,
,01/05/2023,13/05/2023,20/05/2023,420,420,MOBILHOME 6 personnes - Cottage Privilège 3 chambres + Clim,Camping l'Etoile d'Or,4 Adultes, 66700 ARGELES,,,19,camping-l-etoile-d-or-79472,
,01/05/2023,13/05/2023,20/05/2023,455,455,MOBILHOME 6 personnes - Cottage Luxe 3 chambres + Clim,Camping l'Etoile d'Or,6 Adultes, 66700 ARGELES,,,19,camping-l-etoile-d-or-79472,
,01/05/2023,13/05/2023,20/05/2023,473,343,MOBILHOME 5 personnes - Cosy 2 chambres Climatisé (I52C),Domaine Résidentiel de Plein Air Le Neptune,4 Adultes, 66700 ARGELES,,,19,domaine-residentiel-de-plein-air-le-neptune-76748,
,01/05/2023,13/05/2023,20/05/2023,491,354,MOBILHOME 6 personnes - Cosy 2 chambres Climatisé (I62C),Domaine Résidentiel de Plein Air Le Neptune,4 Adultes, 66700 ARGELES,,,19,domaine-residentiel-de-plein-air-le-neptune-76748,
,01/05/2023,13/05/2023,20/05/2023,528,382,MOBILHOME 6 personnes - Cosy 3 chambres Climatisé (I63C),Domaine Résidentiel de Plein Air Le Neptune,6 Adultes, 66700 ARGELES,,,19,domaine-residentiel-de-plein-air-le-neptune-76748,
,01/05/2023,13/05/2023,20/05/2023,375,375,CHALET 4 personnes - CH 93B,Camping Las Planes,2 Adultes, 66740 LAROQUE DES ALBERES,,,19,camping-las-planes-79421,
,01/05/2023,13/05/2023,20/05/2023,375,375,MOBILHOME 6 personnes - MH P3,Camping Las Planes,4 Adultes, 66740 LAROQUE DES ALBERES,,,19,camping-las-planes-79421,
,01/05/2023,13/05/2023,20/05/2023,375,375,CHALET 4 personnes - CH 69,Camping Las Planes,4 Adultes, 66740 LAROQUE DES ALBERES,,,19,camping-las-planes-79421,
,01/05/2023,13/05/2023,20/05/2023,438,438,MOBILHOME 4 personnes - MH 68,Camping Las Planes,4 Adultes, 66740 LAROQUE DES ALBERES,,,19,camping-las-planes-79421,
,01/05/2023,13/05/2023,20/05/2023,438,438,MOBILHOME 6 personnes - MH 11,Camping Las Planes,4 Adultes, 66740 LAROQUE DES ALBERES,,,19,camping-las-planes-79421,
,01/05/2023,13/05/2023,20/05/2023,438,438,MOBILHOME 4 personnes - MH 77,Camping Las Planes,4 Adultes, 66740 LAROQUE DES ALBERES,,,19,camping-las-planes-79421,
,01/05/2023,13/05/2023,20/05/2023,688,688,MOBILHOME 6 personnes - MH 80,Camping Las Planes,6 Adultes, 66740 LAROQUE DES ALBERES,,,19,camping-las-planes-79421,
,01/05/2023,13/05/2023,20/05/2023,280,280,MOBILHOME 4 personnes - Horizon,Camping Au Flamenco,2 Adultes, 66700 ARGELES,,,19,camping-au-flamenco-76756,
,01/05/2023,13/05/2023,20/05/2023,300,300,MOBILHOME 5 personnes - Evasion,Camping Au Flamenco,5 Adultes, 66700 ARGELES,,,19,camping-au-flamenco-76756,
,01/05/2023,13/05/2023,20/05/2023,330,330,MOBILHOME 5 personnes - Océane,Camping Au Flamenco,5 Adultes, 66700 ARGELES,,,19,camping-au-flamenco-76756,
,01/05/2023,13/05/2023,20/05/2023,360,360,MOBILHOME 6 personnes - Family,Camping Au Flamenco,6 Adultes, 66700 ARGELES,,,19,camping-au-flamenco-76756,
,01/05/2023,13/05/2023,20/05/2023,296.25,213.30,MOBILHOME 10 personnes - Mobil Home Family 5 Pièces 8/10 Personnes Climatisé + TV,Camping maeva Club Le Lagon d'Argelès,8 Adultes, 66700 ARGELES,,,19,camping-maeva-club-le-lagon-d-argeles-76769,
,01/05/2023,13/05/2023,20/05/2023,321,321,MOBILHOME 4 personnes - FLAMANT ROSE,Camping La Grange Neuve,4 Adultes,Nord ,,,19,camping-la-grange-neuve-78536,
,01/05/2023,13/05/2023,20/05/2023,280,280,TENTE TOILE ET BOIS 5 personnes - Lodge Maori - sans sanitaire,Camping Le Barralet,4 Adultes, 30210 COLLIAS,,,19,camping-le-barralet-79019,
,01/05/2023,13/05/2023,20/05/2023,420,420,MOBILHOME 4 personnes - Nouméa,Camping Le Barralet,2 Adultes, 30210 COLLIAS,,,19,camping-le-barralet-79019,
,01/05/2023,13/05/2023,20/05/2023,420,420,CHALET 2 personnes - Némo Duo,Camping Le Barralet,2 Adultes, 30210 COLLIAS,,,19,camping-le-barralet-79019,
,01/05/2023,13/05/2023,20/05/2023,487,487,MOBILHOME 4 personnes - Waikiki,Camping Le Barralet,2 Adultes, 30210 COLLIAS,,,19,camping-le-barralet-79019,
,01/05/2023,13/05/2023,20/05/2023,497,497,MOBILHOME 4 personnes - Fidji,Camping Le Barralet,4 Adultes, 30210 COLLIAS,,,19,camping-le-barralet-79019,
,01/05/2023,13/05/2023,20/05/2023,574,574,MOBILHOME 6 personnes - Fidji XL,Camping Le Barralet,2 Adultes, 30210 COLLIAS,,,19,camping-le-barralet-79019,
,01/05/2023,13/05/2023,20/05/2023,574,574,CHALET 5 personnes - Titom,Camping Le Barralet,3 Adultes, 30210 COLLIAS,,,19,camping-le-barralet-79019,
,01/05/2023,13/05/2023,20/05/2023,574,574,MOBILHOME 4 personnes - Bali,Camping Le Barralet,2 Adultes, 30210 COLLIAS,,,19,camping-le-barralet-79019,
,01/05/2023,13/05/2023,20/05/2023,599,599,MOBILHOME 4 personnes - Bahia,Camping Le Barralet,2 Adultes, 30210 COLLIAS,,,19,camping-le-barralet-79019,
,01/05/2023,13/05/2023,20/05/2023,609,609,CHALET 6 personnes - Samoa,Camping Le Barralet,4 Adultes, 30210 COLLIAS,,,19,camping-le-barralet-79019,
,01/05/2023,13/05/2023,20/05/2023,475,475,MOBILHOME 4 personnes - COTTAGE,Camping La Pinède Enchantée,4 Adultes, 66700 ARGELES,,,19,camping-la-pinede-enchantee-76550,
,01/05/2023,13/05/2023,20/05/2023,280,280,BUNGALOW TOILÉ 5 personnes - Bengali - sans sanitaires,Camping La Plage de l'Orb,4 Adultes, 34460 CESSENON,,,19,camping-la-plage-de-lorb-78826,
,01/05/2023,13/05/2023,20/05/2023,357,357,MOBILHOME 6 personnes - Cocoon,Camping La Plage de l'Orb,6 Adultes, 34460 CESSENON,,,19,camping-la-plage-de-lorb-78826,
,01/05/2023,13/05/2023,20/05/2023,550,550,MOBILHOME 6 personnes,Camping Village Azur,4 Adultes, 34725 SAINT ANDRE,,,19,camping-village-azur-87699,
,01/05/2023,13/05/2023,20/05/2023,910,910,MOBILHOME 8 personnes - Mobil Home,Camping Village Azur,8 Adultes, 34725 SAINT ANDRE,,,19,camping-village-azur-87699,
,01/05/2023,13/05/2023,20/05/2023,480,480,MOBILHOME 5 personnes - TRITON - 2 chambres - Essentiel - 24m²,Camping Le Pinada,5 Adultes, 11200 FABREZAN,,,19,camping-le-pinada-77247,
,01/05/2023,13/05/2023,20/05/2023,550,550,MOBILHOME 5 personnes - LOUISIANE - 2 chambres - 22m²,Camping Le Pinada,5 Adultes, 11200 FABREZAN,,,19,camping-le-pinada-77247,
,01/05/2023,13/05/2023,20/05/2023,580,580,MOBILHOME 5 personnes - TITANIA - 2 chambres - 24m²,Camping Le Pinada,5 Adultes, 11200 FABREZAN,,,19,camping-le-pinada-77247,
,01/05/2023,13/05/2023,20/05/2023,610,610,"MOBILHOME 4 personnes - BLEUET, VIOLETTE, CAPUCINE - 2 chambres - 28m²",Camping Le Pinada,4 Adultes, 11200 FABREZAN,,,19,camping-le-pinada-77247,
,01/05/2023,13/05/2023,20/05/2023,630,630,MOBILHOME 5 personnes - TITANIA CLIM - 2 chambres - 24m² -,Camping Le Pinada,5 Adultes, 11200 FABREZAN,,,19,camping-le-pinada-77247,
,01/05/2023,13/05/2023,20/05/2023,343,294,MOBILHOME 6 personnes - CONFORT +,Camping Domaine de Sainte Véziane,4 Adultes, 34550 BESSAN,,,19,camping-domaine-de-sainte-veziane-76891,
,01/05/2023,13/05/2023,20/05/2023,371,318,MOBILHOME 6 personnes - CONFORT+,Camping Domaine de Sainte Véziane,6 Adultes, 34550 BESSAN,,,19,camping-domaine-de-sainte-veziane-76891,
,01/05/2023,13/05/2023,20/05/2023,385,330,MOBILHOME 6 personnes - CONFORT,Camping Domaine de Sainte Véziane,6 Adultes, 34550 BESSAN,,,19,camping-domaine-de-sainte-veziane-76891,
,01/05/2023,13/05/2023,20/05/2023,420,360,MOBILHOME 6 personnes - CONFORT+ PREMIUM 31 m²,Camping Domaine de Sainte Véziane,6 Adultes, 34550 BESSAN,,,19,camping-domaine-de-sainte-veziane-76891,
,01/05/2023,13/05/2023,20/05/2023,497,426,MOBILHOME 6 personnes - CONFORT+ PREMIUM 3 +CLIM,Camping Domaine de Sainte Véziane,6 Adultes, 34550 BESSAN,,,19,camping-domaine-de-sainte-veziane-76891,
,01/05/2023,13/05/2023,20/05/2023,528.37,258.90,CHALET 4 personnes - Luxe 3 Pièces 4 Personnes Climatisé + TV,Camping Les Muriers,4 Adultes,Route départementale 37E ,,,19,camping-les-muriers-78888,
,01/05/2023,13/05/2023,20/05/2023,510,447,CHALET 6 personnes - CLASSIQUE 2 CHAMBRES,Camping Les Muriers,4 Adultes,Route départementale 37E ,,,19,camping-les-muriers-78888,
,01/05/2023,13/05/2023,20/05/2023,573,500.55,CHALET 4 personnes - DE LUXE 2 CHAMBRES,Camping Les Muriers,4 Adultes,Route départementale 37E ,,,19,camping-les-muriers-78888,
,01/05/2023,13/05/2023,20/05/2023,615,536.25,MOBILHOME 4 personnes - COTTAGE VIP 2 CHAMBRES,Camping Les Muriers,4 Adultes,Route départementale 37E ,,,19,camping-les-muriers-78888,
,01/05/2023,13/05/2023,20/05/2023,615,536.25,MOBILHOME 4 personnes - COTTAGE VIP PMR,Camping Les Muriers,4 Adultes,Route départementale 37E ,,,19,camping-les-muriers-78888,
,01/05/2023,13/05/2023,20/05/2023,636,554.10,CHALET 6 personnes - DE LUXE 3 CHAMBRES,Camping Les Muriers,6 Adultes,Route départementale 37E ,,,19,camping-les-muriers-78888,
,01/05/2023,13/05/2023,20/05/2023,699,607.65,MOBILHOME 6 personnes - COTTAGE VIP 3 CHAMBRES,Camping Les Muriers,4 Adultes,Route départementale 37E ,,,19,camping-les-muriers-78888,
,01/05/2023,13/05/2023,20/05/2023,360,360,CHALET 5 personnes - Chalet 30 m2,Domaine De Montrose,5 Adultes, 34120 PEZENAS,,,19,domaine-de-montrose-80142,
,01/05/2023,13/05/2023,20/05/2023,360,360,CHALET 6 personnes - Chalet 25 m2,Domaine De Montrose,6 Adultes, 34120 PEZENAS,,,19,domaine-de-montrose-80142,
,01/05/2023,13/05/2023,20/05/2023,425,425,CHALET 7 personnes - CHALET 35 m2,Domaine De Montrose,7 Adultes, 34120 PEZENAS,,,19,domaine-de-montrose-80142,
,01/05/2023,13/05/2023,20/05/2023,425,304,MOBILHOME 4 personnes - Cosy 2 chambres (I4P2),Camping Le Roussillonnais,4 Adultes, 66700 ARGELES,,,19,camping-le-roussillonnais-76761,
,01/05/2023,13/05/2023,20/05/2023,350,350,MOBILHOME 4 personnes - 2ch,Camping Sun et Sea,4 Adultes,Cyprien ,,,19,camping-sun-et-sea-94887,
,01/05/2023,13/05/2023,20/05/2023,420,420,MOBILHOME 6 personnes - 3ch,Camping Sun et Sea,6 Adultes,Cyprien ,,,19,camping-sun-et-sea-94887,
,01/05/2023,13/05/2023,20/05/2023,284,284,MOBILHOME 6 personnes - Sans sanitaires 4/6 PERS,Camping Le Mas Du Padre,6 Adultes, 34540 BALARUC LES BAINS,,,19,camping-le-mas-du-padre-76826,
,01/05/2023,13/05/2023,20/05/2023,409,409,MOBILHOME 6 personnes - 4/6 PERS,Camping Le Mas Du Padre,6 Adultes, 34540 BALARUC LES BAINS,,,19,camping-le-mas-du-padre-76826,
,01/05/2023,13/05/2023,20/05/2023,470,470,CHALET 6 personnes - PMR 4/6P,Camping Le Mas Du Padre,6 Adultes, 34540 BALARUC LES BAINS,,,19,camping-le-mas-du-padre-76826,
,01/05/2023,13/05/2023,20/05/2023,470,470,MOBILHOME 6 personnes - Cottage  4/6 PERS,Camping Le Mas Du Padre,6 Adultes, 34540 BALARUC LES BAINS,,,19,camping-le-mas-du-padre-76826,
,01/05/2023,13/05/2023,20/05/2023,433.50,433.50,MOBILHOME 4 personnes - Corail Standard 22m² (2 chambres) + 1 voiture incluse,Camping FLOWER Les Chênes Rouges,4 Adultes, 66700 ARGELES,,,19,camping-flower-les-chenes-rouges-76760,
,01/05/2023,13/05/2023,20/05/2023,448.50,448.50,MOBILHOME 4 personnes - Corail Confort 22m ² (2 chambres) + climatisation + 1 voiture incluse,Camping FLOWER Les Chênes Rouges,4 Adultes, 66700 ARGELES,,,19,camping-flower-les-chenes-rouges-76760,
,01/05/2023,13/05/2023,20/05/2023,448.50,448.50,BUNGALOW TOILÉ 5 personnes - Lodge Terracotta Confort 38m² (2 chambres) + 1 voiture incluses,Camping FLOWER Les Chênes Rouges,5 Adultes, 66700 ARGELES,,,19,camping-flower-les-chenes-rouges-76760,
,01/05/2023,13/05/2023,20/05/2023,455.50,455.50,MOBILHOME 6 personnes - Vermeil Confort 27m²  (2 chambres) + 1 voiture incluse,Camping FLOWER Les Chênes Rouges,6 Adultes, 66700 ARGELES,,,19,camping-flower-les-chenes-rouges-76760,
,01/05/2023,13/05/2023,20/05/2023,476.50,476.50,MOBILHOME 6 personnes - Grenadine Climatisé Confort 33m² (3 chambres) + 1 voiture incluse,Camping FLOWER Les Chênes Rouges,6 Adultes, 66700 ARGELES,,,19,camping-flower-les-chenes-rouges-76760,
,01/05/2023,13/05/2023,20/05/2023,524,524,MOBILHOME 4 personnes - Cerise Confort 25m² -  2 chambres - climatisation - TV,Camping FLOWER Les Chênes Rouges,4 Adultes, 66700 ARGELES,,,19,camping-flower-les-chenes-rouges-76760,
,01/05/2023,13/05/2023,20/05/2023,524,524,MOBILHOME 6 personnes - Carmin Confort 31m² (3 chambres) + terrasse couverte + climatisation + TV + 1 voiture incluse,Camping FLOWER Les Chênes Rouges,6 Adultes, 66700 ARGELES,,,19,camping-flower-les-chenes-rouges-76760,
,01/05/2023,13/05/2023,20/05/2023,524,524,MOBILHOME 6 personnes - Grenat Confort 33m² (3 chambres) + climatisation + TV + 1 voiture incluse,Camping FLOWER Les Chênes Rouges,6 Adultes, 66700 ARGELES,,,19,camping-flower-les-chenes-rouges-76760,
,01/05/2023,13/05/2023,20/05/2023,538.50,538.50,MOBILHOME 6 personnes - Pourpre Confort 32m² (3 chambres) + climatisation + TV + 1 voiture incluse,Camping FLOWER Les Chênes Rouges,6 Adultes, 66700 ARGELES,,,19,camping-flower-les-chenes-rouges-76760,
,01/05/2023,13/05/2023,20/05/2023,546,546,MOBILHOME 6 personnes - Rubis Premium 32m² (3 chambres) + climatisation + TV + 1 voiture incluse,Camping FLOWER Les Chênes Rouges,6 Adultes, 66700 ARGELES,,,19,camping-flower-les-chenes-rouges-76760,
,01/05/2023,13/05/2023,20/05/2023,315,315,MOBILHOME 4 personnes,Camping Le Rebau,4 Adultes, 34290 MONTBLANC,,,19,camping-le-rebau-77838,
,01/05/2023,13/05/2023,20/05/2023,315,315,"MOBILHOME 6 personnes - 4/6 places, JUPITER",Camping Le Rebau,4 Adultes, 34290 MONTBLANC,,,19,camping-le-rebau-77838,
,01/05/2023,13/05/2023,20/05/2023,370,370,MOBILHOME 6 personnes - 2 chambres,Camping Le Rebau,6 Adultes, 34290 MONTBLANC,,,19,camping-le-rebau-77838,
,01/05/2023,13/05/2023,20/05/2023,410,410,MOBILHOME 6 personnes - 3 chambres SUPER TITANIA,Camping Le Rebau,6 Adultes, 34290 MONTBLANC,,,19,camping-le-rebau-77838,
,01/05/2023,13/05/2023,20/05/2023,450,450,MOBILHOME 8 personnes - 6/8 places - SUPER OCTALIA,Camping Le Rebau,6 Adultes, 34290 MONTBLANC,,,19,camping-le-rebau-77838,
,01/05/2023,13/05/2023,20/05/2023,450,450,MOBILHOME 5 personnes - PMR,Camping Le Rebau,5 Adultes, 34290 MONTBLANC,,,19,camping-le-rebau-77838,
,01/05/2023,13/05/2023,20/05/2023,406,406,BUNGALOW TOILÉ 2 personnes - Coco Sweet (sans sanitaires),Camping Le Mas de Reilhe,2 Adultes, 30260 CRESPIAN,,,19,camping-le-mas-de-reilhe-77155,
,01/05/2023,13/05/2023,20/05/2023,629.60,453.60,CHALET 5 personnes - Rêve Confort,Camping Le Mas de Reilhe,4 Adultes, 30260 CRESPIAN,,,19,camping-le-mas-de-reilhe-77155,
,01/05/2023,13/05/2023,20/05/2023,629.60,453.60,CHALET 5 personnes - Atlantis,Camping Le Mas de Reilhe,4 Adultes, 30260 CRESPIAN,,,19,camping-le-mas-de-reilhe-77155,
,01/05/2023,13/05/2023,20/05/2023,632.76,455.76,MOBILHOME 5 personnes - Paradis Home,Camping Le Mas de Reilhe,5 Adultes, 30260 CRESPIAN,,,19,camping-le-mas-de-reilhe-77155,
,01/05/2023,13/05/2023,20/05/2023,462,462,BUNGALOW TOILÉ 4 personnes - Coco Sweet (sans sanitaires),Camping Le Mas de Reilhe,4 Adultes, 30260 CRESPIAN,,,19,camping-le-mas-de-reilhe-77155,
,01/05/2023,13/05/2023,20/05/2023,490,490,"TENTE TOILE ET BOIS 5 personnes - Lodge Victoria (sans sanitaires, ni eau, ni chauffage)",Camping Le Mas de Reilhe,4 Adultes, 30260 CRESPIAN,,,19,camping-le-mas-de-reilhe-77155,
,01/05/2023,13/05/2023,20/05/2023,700,504,MOBILHOME 5 personnes - Super Mercure Riviera,Camping Le Mas de Reilhe,5 Adultes, 30260 CRESPIAN,,,19,camping-le-mas-de-reilhe-77155,
,01/05/2023,13/05/2023,20/05/2023,644,644,MOBILHOME 4 personnes - Fidji,Camping Le Mas de Reilhe,4 Adultes, 30260 CRESPIAN,,,19,camping-le-mas-de-reilhe-77155,
,01/05/2023,13/05/2023,20/05/2023,728,728,MOBILHOME 4 personnes - LOUISIANE,Camping Le Mas de Reilhe,4 Adultes, 30260 CRESPIAN,,,19,camping-le-mas-de-reilhe-77155,
,01/05/2023,13/05/2023,20/05/2023,280,280,MOBILHOME 2 personnes,Camping Le Rancho,2 Adultes, 66700 ARGELES,,,19,camping-le-rancho-76773,
,01/05/2023,13/05/2023,20/05/2023,385,385,MOBILHOME 5 personnes - 2 chambres + Clim,Camping Le Rancho,4 Adultes, 66700 ARGELES,,,19,camping-le-rancho-76773,
,01/05/2023,13/05/2023,20/05/2023,219,219,BUNGALOW 2 personnes - PLUME - sans sanitaires 12 m²,Camping de La Gare,2 Adultes, 66760 UR,,,19,camping-de-la-gare-79388,
,01/05/2023,13/05/2023,20/05/2023,364,364,BUNGALOW 4 personnes - COCO SWEET - sans sanitaires 16 m²,Camping de La Gare,2 Adultes, 66760 UR,,,19,camping-de-la-gare-79388,
,01/05/2023,13/05/2023,20/05/2023,445,445,MOBILHOME 2 personnes - MH1 16 m²,Camping de La Gare,2 Adultes, 66760 UR,,,19,camping-de-la-gare-79388,
,01/05/2023,13/05/2023,20/05/2023,490,490,MOBILHOME 4 personnes - MH2 25 m²,Camping de La Gare,4 Adultes, 66760 UR,,,19,camping-de-la-gare-79388,
,01/05/2023,13/05/2023,20/05/2023,530,530,MOBILHOME 6 personnes - MH2 - avec convertible 27 m²,Camping de La Gare,6 Adultes, 66760 UR,,,19,camping-de-la-gare-79388,
,01/05/2023,13/05/2023,20/05/2023,570,570,MOBILHOME 6 personnes - MH2 avec convertible 27 m²,Camping de La Gare,4 Adultes, 66760 UR,,,19,camping-de-la-gare-79388,
,01/05/2023,13/05/2023,20/05/2023,196,196,EMPLACEMENT 6 personnes,Camping Abri de Camargue,, 30240 LE GRAU DU ROI,,,19,camping-abri-de-camargue-77579,
,01/05/2023,13/05/2023,20/05/2023,426.23,225.90,MOBILHOME 4 personnes - 3 Pièces Climatisé,Camping Le Roussillon,4 Adultes,"Cyprien, France ",,,19,camping-le-roussillon-78220,
,01/05/2023,13/05/2023,20/05/2023,159,159,BUNGALOW TOILÉ 4 personnes - Tithome sans douche,Camping Paradis les Rives de l'Hérault,4 Adultes, 34150 GIGNAC,,,19,camping-paradis-les-rives-de-l-herault-89361,
,01/05/2023,13/05/2023,20/05/2023,169,169,MOBILHOME 4 personnes - Eco 2ch 4p,Camping Paradis les Rives de l'Hérault,2 Adultes, 34150 GIGNAC,,,19,camping-paradis-les-rives-de-l-herault-89361,
,01/05/2023,13/05/2023,20/05/2023,249,249,MOBILHOME 5 personnes - MH Confort PIKI 2ch 4p + 1 bébé,Camping Paradis les Rives de l'Hérault,5 Adultes, 34150 GIGNAC,,,19,camping-paradis-les-rives-de-l-herault-89361,
,01/05/2023,13/05/2023,20/05/2023,289,289,MOBILHOME 2 personnes - Premium Otello,Camping Paradis les Rives de l'Hérault,2 Adultes, 34150 GIGNAC,,,19,camping-paradis-les-rives-de-l-herault-89361,
,01/05/2023,13/05/2023,20/05/2023,289,289,MOBILHOME 6 personnes - MH Confort 3ch 6p,Camping Paradis les Rives de l'Hérault,6 Adultes, 34150 GIGNAC,,,19,camping-paradis-les-rives-de-l-herault-89361,
,01/05/2023,13/05/2023,20/05/2023,349,349,MOBILHOME 2 personnes - MH PREMIUM paradis studio 2p,Camping Paradis les Rives de l'Hérault,2 Adultes, 34150 GIGNAC,,,19,camping-paradis-les-rives-de-l-herault-89361,
,01/05/2023,13/05/2023,20/05/2023,389,389,MOBILHOME 8 personnes - MH Premium 4ch 8p,Camping Paradis les Rives de l'Hérault,8 Adultes, 34150 GIGNAC,,,19,camping-paradis-les-rives-de-l-herault-89361,
,01/05/2023,13/05/2023,20/05/2023,265,265,GÎTE 4 personnes - (sans sanitaires),Camping Beau Rivage,4 Adultes, 30500 SAINT AMBROIX,,,19,camping-beau-rivage-81017,
,01/05/2023,13/05/2023,20/05/2023,360,360,MOBILHOME 4 personnes - 2 Chambres - Tout confort climatisé,Camping Beau Rivage,4 Adultes, 30500 SAINT AMBROIX,,,19,camping-beau-rivage-81017,
,01/05/2023,13/05/2023,20/05/2023,418,418,MOBILHOME 6 personnes - Cottage family - tout confort climatisé,Camping Beau Rivage,6 Adultes, 30500 SAINT AMBROIX,,,19,camping-beau-rivage-81017,
,01/05/2023,13/05/2023,20/05/2023,425,425,BUNGALOW TOILÉ 4 personnes - Tithome (sans sanitaires),Camping L'oliveraie,4 Adultes, 34480 LAURENS,,,19,camping-loliveraie-80246,
,01/05/2023,13/05/2023,20/05/2023,435,435,TENTE TOILE ET BOIS 4 personnes - Ecolodge (sans sanitaires),Camping L'oliveraie,4 Adultes, 34480 LAURENS,,,19,camping-loliveraie-80246,
,01/05/2023,13/05/2023,20/05/2023,585,585,MOBILHOME 6 personnes - Sunroller,Camping L'oliveraie,6 Adultes, 34480 LAURENS,,,19,camping-loliveraie-80246,
,01/05/2023,13/05/2023,20/05/2023,640,640,MOBILHOME 6 personnes - O Hara + clim - Ophara,Camping L'oliveraie,6 Adultes, 34480 LAURENS,,,19,camping-loliveraie-80246,
,01/05/2023,13/05/2023,20/05/2023,715,715,CHALET 7 personnes - Fabre,Camping L'oliveraie,7 Adultes, 34480 LAURENS,,,19,camping-loliveraie-80246,
,01/05/2023,13/05/2023,20/05/2023,735,735,MOBILHOME 8 personnes - IRM Loggia,Camping L'oliveraie,8 Adultes, 34480 LAURENS,,,19,camping-loliveraie-80246,
,01/05/2023,13/05/2023,20/05/2023,202,202,"TENTE 4 personnes - Orri (sans eau, sans sanitaires)",Camping La Source,2 Adultes, 66730 SOURNIA,,,19,camping-la-source-78575,
,01/05/2023,13/05/2023,20/05/2023,252,252,MOBILHOME 4 personnes - Adonis,Camping La Source,4 Adultes, 66730 SOURNIA,,,19,camping-la-source-78575,
,01/05/2023,13/05/2023,20/05/2023,272,272,MOBILHOME 4 personnes - Cordulie,Camping La Source,4 Adultes, 66730 SOURNIA,,,19,camping-la-source-78575,
,01/05/2023,13/05/2023,20/05/2023,292,292,CHALET 5 personnes - Mimosa,Camping La Source,4 Adultes, 66730 SOURNIA,,,19,camping-la-source-78575,
,01/05/2023,13/05/2023,20/05/2023,292,292,MOBILHOME 5 personnes - Myrtil,Camping La Source,4 Adultes, 66730 SOURNIA,,,19,camping-la-source-78575,
,01/05/2023,13/05/2023,20/05/2023,292,292,MOBILHOME 6 personnes - Izard,Camping La Source,4 Adultes, 66730 SOURNIA,,,19,camping-la-source-78575,
,01/05/2023,13/05/2023,20/05/2023,322,322,MOBILHOME 6 personnes - Agaric,Camping La Source,4 Adultes, 66730 SOURNIA,,,19,camping-la-source-78575,
,01/05/2023,13/05/2023,20/05/2023,322,322,MOBILHOME 6 personnes - Liège,Camping La Source,6 Adultes, 66730 SOURNIA,,,19,camping-la-source-78575,
,01/05/2023,13/05/2023,20/05/2023,322,322,MOBILHOME 6 personnes - Apollon,Camping La Source,4 Adultes, 66730 SOURNIA,,,19,camping-la-source-78575,
,01/05/2023,13/05/2023,20/05/2023,362,362,MOBILHOME 6 personnes - Valeriane,Camping La Source,6 Adultes, 66730 SOURNIA,,,19,camping-la-source-78575,
,01/05/2023,13/05/2023,20/05/2023,362,362,MOBILHOME 4 personnes - GENTIANE - 1 chambre - avec jacuzzi,Camping La Source,4 Adultes, 66730 SOURNIA,,,19,camping-la-source-78575,
,01/05/2023,13/05/2023,20/05/2023,414.40,414.40,TENTE 4 personnes - LODGE ECO sans sanitaires,Camping Les Chalets du Lac,4 Adultes, 11340 BELCAIRE,,,19,camping-les-chalets-du-lac-76860,
,01/05/2023,13/05/2023,20/05/2023,440.80,440.80,BUNGALOW 4 personnes - TRAPPEUR sans sanitaires,Camping Les Chalets du Lac,2 Adultes, 11340 BELCAIRE,,,19,camping-les-chalets-du-lac-76860,
,01/05/2023,13/05/2023,20/05/2023,503.60,503.60,TENTE 5 personnes - LODGE CONFORT avec sanitaires,Camping Les Chalets du Lac,5 Adultes, 11340 BELCAIRE,,,19,camping-les-chalets-du-lac-76860,
,01/05/2023,13/05/2023,20/05/2023,563,563,CHALET 4 personnes - MARMOTTE,Camping Les Chalets du Lac,4 Adultes, 11340 BELCAIRE,,,19,camping-les-chalets-du-lac-76860,
,01/05/2023,13/05/2023,20/05/2023,772.20,772.20,CHALET 6 personnes - LES CÈDRES,Camping Les Chalets du Lac,6 Adultes, 11340 BELCAIRE,,,19,camping-les-chalets-du-lac-76860,
,01/05/2023,13/05/2023,20/05/2023,829.80,829.80,CHALET 6 personnes - CHATEAU,Camping Les Chalets du Lac,6 Adultes, 11340 BELCAIRE,,,19,camping-les-chalets-du-lac-76860,
,01/05/2023,13/05/2023,20/05/2023,237,237,CHALET 4 personnes - Eco Cabane 2/4 Pers. 10m² + 6m²,Camping La Clémentine,4 Adultes, 30480 CENDRAS,,,19,camping-la-clementine-80898,
,01/05/2023,13/05/2023,20/05/2023,286,286,CHALET 5 personnes - Confort 4/5 Pers Cuisine d'été 18 m² + 10m²,Camping La Clémentine,5 Adultes, 30480 CENDRAS,,,19,camping-la-clementine-80898,
,01/05/2023,13/05/2023,20/05/2023,322,322,CHALET 2 personnes - Prestige 1 ch 2/3 pers 13m²+ 8m²,Camping La Clémentine,2 Adultes, 30480 CENDRAS,,,19,camping-la-clementine-80898,
,01/05/2023,13/05/2023,20/05/2023,638,638,MOBILHOME 6 personnes - Lodge Sunêlia Luxe 3 ch,Camping La Clémentine,6 Adultes, 30480 CENDRAS,,,19,camping-la-clementine-80898,
,01/05/2023,13/05/2023,20/05/2023,330,330,CARAVANE 4 personnes - Caravane pour 4,Camping Le Verdier,, 30125 SAUMANE,,,19,camping-le-verdier-78516,
,01/05/2023,13/05/2023,20/05/2023,350,350,MOBILHOME 5 personnes - VACANCIAL IRM (sans sanitaires),Camping Le Verdier,5 Adultes, 30125 SAUMANE,,,19,camping-le-verdier-78516,
,01/05/2023,13/05/2023,20/05/2023,390,390,MOBILHOME 4 personnes - WATIPI,Camping Le Verdier,4 Adultes, 30125 SAUMANE,,,19,camping-le-verdier-78516,
,01/05/2023,13/05/2023,20/05/2023,310,310,MOBILHOME 4 personnes - Horizon 1 ou 2,Camping Le Fontaulie Sud,4 Adultes, 11500 NEBIAS,,,19,camping-le-fontaulie-sud-94488,
,01/05/2023,13/05/2023,20/05/2023,310,310,MOBILHOME 4 personnes - Atlantic,Camping Le Fontaulie Sud,4 Adultes, 11500 NEBIAS,,,19,camping-le-fontaulie-sud-94488,
,01/05/2023,13/05/2023,20/05/2023,300,300,MOBILHOME 4 personnes - LOS CABOS,Camping Cap du Roc,4 Adultes, 11210 PORT LA NOUVELLE,,,19,camping-cap-du-roc-78061,
,01/05/2023,13/05/2023,20/05/2023,300,300,MOBILHOME 4 personnes - MERIDA,Camping Cap du Roc,4 Adultes, 11210 PORT LA NOUVELLE,,,19,camping-cap-du-roc-78061,
,01/05/2023,13/05/2023,20/05/2023,380,380,MOBILHOME 6 personnes - TABASCO pour 4/6 personnes (2 chambres),Camping Cap du Roc,4 Adultes, 11210 PORT LA NOUVELLE,,,19,camping-cap-du-roc-78061,
,01/05/2023,13/05/2023,20/05/2023,449,449,MOBILHOME 4 personnes - Blueberry 2 chambres 32m²,Camping Résidentiel La Pinède,4 Adultes, 34120 CASTELNAU DE GUERS,,,19,camping-residentiel-la-pinede-77040,
,01/05/2023,13/05/2023,20/05/2023,476,476,MOBILHOME 4 personnes - Tribord,Camping Résidentiel La Pinède,2 Adultes, 34120 CASTELNAU DE GUERS,,,19,camping-residentiel-la-pinede-77040,
,01/05/2023,13/05/2023,20/05/2023,490,490,MOBILHOME 6 personnes - Madison pour 4/6 personnes (2 chambres),Camping Résidentiel La Pinède,4 Adultes, 34120 CASTELNAU DE GUERS,,,19,camping-residentiel-la-pinede-77040,
,01/05/2023,13/05/2023,20/05/2023,495,495,MOBILHOME 4 personnes - EVO,Camping Borepo,4 Adultes, 34560 VILLEVEYRAC,,,19,camping-borepo-78775,
,01/05/2023,13/05/2023,20/05/2023,595,595,MOBILHOME 4 personnes - TRIGANO EVOLUTION 2017,Camping Borepo,2 Adultes, 34560 VILLEVEYRAC,,,19,camping-borepo-78775,
,01/05/2023,13/05/2023,20/05/2023,579,579,MOBILHOME 4 personnes - Coscoll,Camping Paradis - Vallespir,4 Adultes, 66150 ARLES SUR TECH,,,19,camping-paradis-vallespir-79397,
,01/05/2023,13/05/2023,20/05/2023,699,699,MOBILHOME 6 personnes - Gentiane PMR,Camping Paradis - Vallespir,6 Adultes, 66150 ARLES SUR TECH,,,19,camping-paradis-vallespir-79397,
,01/05/2023,13/05/2023,20/05/2023,560,448,MOBILHOME 6 personnes - Cottage Famille 2 ch. 6 pers.,Camping le Pré Saint André,6 Adultes, 30250 SOUVIGNARGUES,,,19,camping-le-pre-saint-andre-78583,
,01/05/2023,13/05/2023,20/05/2023,630,504,MOBILHOME 6 personnes - BUNGALOW,Camping le Pré Saint André,4 Adultes, 30250 SOUVIGNARGUES,,,19,camping-le-pre-saint-andre-78583,
,01/05/2023,13/05/2023,20/05/2023,643.20,515.20,MOBILHOME 6 personnes - GRAND LARGE,Camping le Pré Saint André,6 Adultes, 30250 SOUVIGNARGUES,,,19,camping-le-pre-saint-andre-78583,
,01/05/2023,13/05/2023,20/05/2023,665,532,MOBILHOME 6 personnes - FAMILLE,Camping le Pré Saint André,4 Adultes, 30250 SOUVIGNARGUES,,,19,camping-le-pre-saint-andre-78583,
,01/05/2023,13/05/2023,20/05/2023,310,310,MOBILHOME 4 personnes - 2 chambres climatisé,,4 Adultes, 34300 AGDE,,,19,camping-123-sud-vacances-76696,
,01/05/2023,13/05/2023,20/05/2023,310,310,MOBILHOME 4 personnes - Confort,Camping Mas de Lastourg,4 Adultes, 66500 VILLEFRANCHE DE CONFLENT,,,19,camping-mas-de-lastourg-78764,
,01/05/2023,13/05/2023,20/05/2023,330,330,MOBILHOME 5 personnes - terrasse couverte,Camping Mas de Lastourg,5 Adultes, 66500 VILLEFRANCHE DE CONFLENT,,,19,camping-mas-de-lastourg-78764,
,01/05/2023,13/05/2023,20/05/2023,340,340,"TENTE 5 personnes - Lodge, sans sanitaires",Camping Mas de Lastourg,4 Adultes, 66500 VILLEFRANCHE DE CONFLENT,,,19,camping-mas-de-lastourg-78764,
,01/05/2023,13/05/2023,20/05/2023,501.70,426.70,MOBILHOME 4 personnes - Cottage Luxe 2 chambres - (samedi/samedi),Camping Les Plans,4 Adultes, 30140 ANDUZE,,,19,camping-les-plans-77736,
,01/05/2023,13/05/2023,20/05/2023,501.70,426.70,MOBILHOME 4 personnes - Cottage Luxe 2 chambres -  (mercredi/mercredi),Camping Les Plans,4 Adultes, 30140 ANDUZE,,,19,camping-les-plans-77736,
,01/05/2023,13/05/2023,20/05/2023,501.70,426.70,MOBILHOME 4 personnes - Cottage 2 chambres (dimanche/dimanche),Camping Les Plans,4 Adultes, 30140 ANDUZE,,,19,camping-les-plans-77736,
,01/05/2023,13/05/2023,20/05/2023,577.30,491.30,MOBILHOME 4 personnes - Cottage Luxe 2 CH - Clim,Camping Les Plans,4 Adultes, 30140 ANDUZE,,,19,camping-les-plans-77736,
,01/05/2023,13/05/2023,20/05/2023,629.50,535.50,MOBILHOME 6 personnes - Cottage Luxe 3 chambres (mercredi/mercredi),Camping Les Plans,6 Adultes, 30140 ANDUZE,,,19,camping-les-plans-77736,
,01/05/2023,13/05/2023,20/05/2023,632.05,538.05,MOBILHOME 6 personnes - Cottage Luxe 3 chambres (samedi/samedi),Camping Les Plans,6 Adultes, 30140 ANDUZE,,,19,camping-les-plans-77736,
,01/05/2023,13/05/2023,20/05/2023,250,250,"TENTE TOILE ET BOIS 4 personnes - Safari, 2 chambres (sans sanitaires)",Camping le Domaine de Gajan,4 Adultes, 34160 BOISSERON,,,19,camping-le-domaine-de-gajan-80481,
,01/05/2023,13/05/2023,20/05/2023,189,189,CHALET 4 personnes - NATURE (Sans sanitaires),Camping Mas Llinas,4 Adultes, 66160 LE BOULOU,,,19,camping-mas-llinas-77558,
,01/05/2023,13/05/2023,20/05/2023,399,399,CHALET 4 personnes - Framboise,Camping l'Olivier,2 Adultes, 30140 MASSILLARGUES ATTUECH,,,19,camping-lolivier-77692,
,01/05/2023,13/05/2023,20/05/2023,467,467,MOBILHOME 4 personnes - Mimosa / Marguerite / Crocus / Jacinthe - Climatisé,Camping l'Olivier,4 Adultes, 30140 MASSILLARGUES ATTUECH,,,19,camping-lolivier-77692,
,01/05/2023,13/05/2023,20/05/2023,490,490,MOBILHOME 6 personnes - Iris / Jonquille - climatisé,Camping l'Olivier,4 Adultes, 30140 MASSILLARGUES ATTUECH,,,19,camping-lolivier-77692,
,01/05/2023,13/05/2023,20/05/2023,505,505,MOBILHOME 4 personnes - Amandier,Camping l'Olivier,4 Adultes, 30140 MASSILLARGUES ATTUECH,,,19,camping-lolivier-77692,
,01/05/2023,13/05/2023,20/05/2023,515,515,MOBILHOME 6 personnes - Laurier - Loft,Camping l'Olivier,6 Adultes, 30140 MASSILLARGUES ATTUECH,,,19,camping-lolivier-77692,
,01/05/2023,13/05/2023,20/05/2023,490,490,MOBILHOME 4 personnes - 2 chambres - Climatisation + TV,Camping La Berge Fleurie,4 Adultes, 30140 MIALET,,,19,camping-la-berge-fleurie-80880,
,01/05/2023,13/05/2023,20/05/2023,680,680,MOBILHOME 6 personnes,Camping La Berge Fleurie,6 Adultes, 30140 MIALET,,,19,camping-la-berge-fleurie-80880,
,01/05/2023,13/05/2023,20/05/2023,254,254,BUNGALOW TOILÉ 4 personnes - COCO SWEET sans sanitaires 15 m²,Camping Les Berges du Canal,4 Adultes, 34420 VILLENEUVE LES BEZIERS,,,19,camping-les-berges-du-canal-78770,
,01/05/2023,13/05/2023,20/05/2023,268,268,TENTE TOILE ET BOIS 4 personnes - Tente Éco-Lodge 2/4 Personnes,Camping Les Berges du Canal,4 Adultes, 34420 VILLENEUVE LES BEZIERS,,,19,camping-les-berges-du-canal-78770,
,01/05/2023,13/05/2023,20/05/2023,282,282,TENTE TOILE ET BOIS 6 personnes - Tente Lodge Safari 4-6 Personnes,Camping Les Berges du Canal,6 Adultes, 34420 VILLENEUVE LES BEZIERS,,,19,camping-les-berges-du-canal-78770,
,01/05/2023,13/05/2023,20/05/2023,336,336,MOBILHOME 6 personnes - MH2 28 m²,Camping Les Berges du Canal,4 Adultes, 34420 VILLENEUVE LES BEZIERS,,,19,camping-les-berges-du-canal-78770,
,01/05/2023,13/05/2023,20/05/2023,364,364,MOBILHOME 8 personnes - MH3 32 m²,Camping Les Berges du Canal,6 Adultes, 34420 VILLENEUVE LES BEZIERS,,,19,camping-les-berges-du-canal-78770,
,01/05/2023,13/05/2023,20/05/2023,609,609,CHALET 4 personnes - Gitotel 2 chambres,Camping Les Sources,4 Adultes, 30270 SAINT JEAN DU GARD,,,19,camping-les-sources-78334,
,01/05/2023,13/05/2023,20/05/2023,240,240,MOBILHOME 4 personnes - ECO,Camping Fagamis L'oasis,4 Adultes, 66740 SAINT GENIS DES FONTAINES,,,19,camping-fagamis-loasis-79432,
,01/05/2023,13/05/2023,20/05/2023,280,280,MOBILHOME 4 personnes - VIP + Clim,Camping Fagamis L'oasis,4 Adultes, 66740 SAINT GENIS DES FONTAINES,,,19,camping-fagamis-loasis-79432,
,01/05/2023,13/05/2023,20/05/2023,259,259,MOBILHOME 6 personnes - 2 chambres 4/6 personnes,Tours Opérateurs et Particuliers sur Camping Siblu Club Le Marisol,4 Adultes, 66440 TORREILLES,,,19,tours-operateurs-et-particuliers-sur-camping-siblu-club-le-marisol-95811,
,01/05/2023,13/05/2023,20/05/2023,342,342,MOBILHOME 5 personnes - Madeloc,Camping Maureillas,5 Adultes, 66480 Maureillas,,,19,camping-maureillas-77780,
,01/05/2023,13/05/2023,20/05/2023,355,355,MOBILHOME 6 personnes - 4/6 personnes,Camping Le Trivoly,6 Adultes, 66440 TORREILLES,,,19,camping-le-trivoly-78631,
,01/05/2023,13/05/2023,20/05/2023,459,459,MOBILHOME 7 personnes - 6/7 personnes,Camping Le Trivoly,6 Adultes, 66440 TORREILLES,,,19,camping-le-trivoly-78631,
,01/05/2023,13/05/2023,20/05/2023,114,114,EMPLACEMENT 6 personnes - Forfait 2 personnes - tente / camping-car / caravane,Camping Le Site de Castelbouc,, Sainte,,,19,camping-le-site-de-castelbouc-95968,
,01/05/2023,13/05/2023,20/05/2023,300,300,HÉBERGEMENT INSOLITE 4 personnes - Tipi,Camping Le Site de Castelbouc,4 Adultes, Sainte,,,19,camping-le-site-de-castelbouc-95968,
,01/05/2023,13/05/2023,20/05/2023,435,435,MOBILHOME 5 personnes - Confort,Camping Le Site de Castelbouc,4 Adultes, Sainte,,,19,camping-le-site-de-castelbouc-95968,
,01/05/2023,13/05/2023,20/05/2023,559,559,MOBILHOME 6 personnes - IRM pour 4/6 personnes (2 chambres) sans clim,Camping Domaine des Mimosas,4 Adultes, 66700 ARGELES,,,19,camping-domaine-des-mimosas-76758,
,01/05/2023,13/05/2023,20/05/2023,559,559,MOBILHOME 6 personnes - IRM 09 pour 4/6 personnes (2 chambres) avec clim,Camping Domaine des Mimosas,4 Adultes, 66700 ARGELES,,,19,camping-domaine-des-mimosas-76758,
,01/05/2023,13/05/2023,20/05/2023,1025,1025,VILLA 8 personnes - du Château pour 6/8 personnes (2 chambres),Camping Domaine des Mimosas,6 Adultes, 66700 ARGELES,,,19,camping-domaine-des-mimosas-76758,
,01/05/2023,13/05/2023,20/05/2023,449,449,BUNGALOW 4 personnes - Mercure 2 Chambres - 4 personnes,Camping Lou Vincen,4 Adultes, 30300 VALLABREGUES,,,19,camping-lou-vincen-76629,
,01/05/2023,13/05/2023,20/05/2023,579,579,BUNGALOW 6 personnes - Super Mercure- 2 chambres,Camping Lou Vincen,4 Adultes, 30300 VALLABREGUES,,,19,camping-lou-vincen-76629,
,01/05/2023,13/05/2023,20/05/2023,290,290,TENTE TOILE ET BOIS 4 personnes - Tente Maori - sans sanitaires - terrasse,Camping La Cremade,4 Adultes, 11140 AXAT,,,19,camping-la-cremade-79572,
,01/05/2023,13/05/2023,20/05/2023,230,230,CARAVANE 4 personnes,Camping La Cigale de l'Allier,4 Adultes, 48300 LANGOGNE,,,19,camping-la-cigale-de-l-allier-79487,
,01/05/2023,13/05/2023,20/05/2023,250,250,TENTE 4 personnes - LODGE MAYOTTE - TRIGANO sans sanitaires,Camping La Cigale de l'Allier,4 Adultes, 48300 LANGOGNE,,,19,camping-la-cigale-de-l-allier-79487,
,01/05/2023,13/05/2023,20/05/2023,320,320,MOBILHOME 2 personnes - O'HARA OU TRIGANO,Camping La Cigale de l'Allier,2 Adultes, 48300 LANGOGNE,,,19,camping-la-cigale-de-l-allier-79487,
,01/05/2023,13/05/2023,20/05/2023,340,340,MOBILHOME 4 personnes - WILLERBY,Camping La Cigale de l'Allier,4 Adultes, 48300 LANGOGNE,,,19,camping-la-cigale-de-l-allier-79487,
,01/05/2023,13/05/2023,20/05/2023,400,400,MOBILHOME 4 personnes - IRM LOGGIA 2,Camping La Cigale de l'Allier,4 Adultes, 48300 LANGOGNE,,,19,camping-la-cigale-de-l-allier-79487,
,01/05/2023,13/05/2023,20/05/2023,400,400,MOBILHOME 4 personnes - I.R.M. Loggia 2,Camping La Cigale de l'Allier,4 Adultes, 48300 LANGOGNE,,,19,camping-la-cigale-de-l-allier-79487,
,01/05/2023,13/05/2023,20/05/2023,433.65,309.75,MOBILHOME 3 personnes - COTTAGE SWEET,Camping Les Cerisiers du Jaur,3 Adultes, 34220 Saint,,,19,camping-les-cerisiers-du-jaur-80219,
,01/05/2023,13/05/2023,20/05/2023,933.45,666.75,MOBILHOME 6 personnes - Premium - Le Caroux - 40 m2 - 3 ch - 2 sdb - spa - Dimanche,Camping Les Cerisiers du Jaur,6 Adultes, 34220 Saint,,,19,camping-les-cerisiers-du-jaur-80219,
,01/05/2023,13/05/2023,20/05/2023,1025,1025,TENTE TOILE ET BOIS 5 personnes - Lodge Family,Camping Domaine D'Anglas,5 Adultes, 34190 BRISSAC,,,19,camping-domaine-danglas-80625,
,01/05/2023,13/05/2023,20/05/2023,1060,1060,TENTE TOILE ET BOIS 5 personnes - Glamping Lodge,Camping Domaine D'Anglas,5 Adultes, 34190 BRISSAC,,,19,camping-domaine-danglas-80625,
